{"x": 87, "y": 757, "w": 50, "h": 50, "speed": 47.629420413151884, "food": 170, "foodDistance": 59741}
{"x": 782, "y": 748, "w": 50, "h": 50, "speed": 33.474472597485615, "food": 200, "foodDistance": 31937}
{"x": 315, "y": 743, "w": 50, "h": 50, "speed": 30.178758945308257, "food": 70, "foodDistance": 33315}
{"x": 694, "y": 653, "w": 50, "h": 50, "speed": 30.168162823283758, "food": 70, "foodDistance": 54688}
{"x": 649, "y": 425, "w": 50, "h": 50, "speed": 13.772247758281218, "food": 95, "foodDistance": 49902}
{"x": 421, "y": 767, "w": 50, "h": 50, "speed": 16.90895656511652, "food": 170, "foodDistance": 29017}
{"x": 540, "y": 475, "w": 50, "h": 50, "speed": 19.30409654434591, "food": 170, "foodDistance": 54933}
{"x": 621, "y": 743, "w": 50, "h": 50, "speed": 10.82590124306519, "food": 120, "foodDistance": 68881}
{"x": 220, "y": 451, "w": 50, "h": 50, "speed": 7.6865087985369565, "food": 70, "foodDistance": 48592}
{"x": 78, "y": 271, "w": 50, "h": 50, "speed": 1.9461139139033476, "food": 70, "foodDistance": 25499}
{"x": 554, "y": 129, "w": 50, "h": 50, "speed": 33.58893296713777, "food": 95, "foodDistance": 96242}
{"x": 294, "y": 200, "w": 50, "h": 50, "speed": 9.456807432946363, "food": 95, "foodDistance": 34821}
{"x": 537, "y": 411, "w": 50, "h": 50, "speed": 1.9388693244947188, "food": 70, "foodDistance": 102977}
{"x": 324, "y": 349, "w": 50, "h": 50, "speed": 1.7839807532470933, "food": 20, "foodDistance": 115866}
{"x": 792, "y": 247, "w": 50, "h": 50, "speed": 20.091613435984158, "food": 95, "foodDistance": 37977}
{"x": 634, "y": 499, "w": 50, "h": 50, "speed": 30.805506268364372, "food": 95, "foodDistance": 57077}
{"x": 519, "y": 653, "w": 50, "h": 50, "speed": 18.011475486332692, "food": 95, "foodDistance": 22912}
{"x": 827, "y": 681, "w": 50, "h": 50, "speed": 17.98764696348604, "food": 95, "foodDistance": 35950}
{"x": 191, "y": 793, "w": 50, "h": 50, "speed": 2.1544883490894615, "food": 170, "foodDistance": 19445}
{"x": 200, "y": 112, "w": 50, "h": 50, "speed": 39.874422320402445, "food": 200, "foodDistance": 64307}
{"x": 170, "y": 385, "w": 50, "h": 50, "speed": 11.844714235727038, "food": 145, "foodDistance": 17955}
{"x": 76, "y": 494, "w": 50, "h": 50, "speed": 3.3118350504009118, "food": 120, "foodDistance": 43178}
{"x": 246, "y": 604, "w": 50, "h": 50, "speed": 12.75128557476136, "food": 70, "foodDistance": 17753}
{"x": 490, "y": 795, "w": 50, "h": 50, "speed": 30.855797147043607, "food": 200, "foodDistance": 63585}
{"x": 765, "y": 298, "w": 50, "h": 50, "speed": 1.8118905360885977, "food": 170, "foodDistance": 72986}
{"x": 291, "y": 672, "w": 50, "h": 50, "speed": 36.97290678339935, "food": 70, "foodDistance": 30573}
{"x": 130, "y": 573, "w": 50, "h": 50, "speed": 7.86333638878851, "food": 70, "foodDistance": 18291}
{"x": 798, "y": 664, "w": 50, "h": 50, "speed": 35.62793225108978, "food": 120, "foodDistance": 41109}
{"x": 361, "y": 235, "w": 50, "h": 50, "speed": 19.838456839743383, "food": 95, "foodDistance": 59281}
{"x": 638, "y": 229, "w": 50, "h": 50, "speed": 14.214308212223704, "food": 120, "foodDistance": 65829}
{"x": 433, "y": 677, "w": 50, "h": 50, "speed": 26.121364496420505, "food": 70, "foodDistance": 46822}
{"x": 423, "y": 597, "w": 50, "h": 50, "speed": 13.403173421974666, "food": 170, "foodDistance": 114537}
{"x": 188, "y": 788, "w": 50, "h": 50, "speed": 3.134543206075254, "food": 70, "foodDistance": 25575}
{"x": 63, "y": 742, "w": 50, "h": 50, "speed": 2.4838254747202937, "food": 170, "foodDistance": 35748}
{"x": 656, "y": 362, "w": 50, "h": 50, "speed": 10.2980854158462, "food": 20, "foodDistance": 57946}
{"x": 769, "y": 628, "w": 50, "h": 50, "speed": 27.4974803652992, "food": 70, "foodDistance": 43354}
{"x": 292, "y": 492, "w": 50, "h": 50, "speed": 1.2883880434079116, "food": 120, "foodDistance": 85288}
{"x": 451, "y": 274, "w": 50, "h": 50, "speed": 3.0115373131064707, "food": 70, "foodDistance": 169353}
{"x": 446, "y": 452, "w": 50, "h": 50, "speed": 9.809951988884071, "food": 70, "foodDistance": 80008}
{"x": 269, "y": 11, "w": 50, "h": 50, "speed": 10.448163477186396, "food": 170, "foodDistance": 50201}
{"x": 823, "y": 756, "w": 50, "h": 50, "speed": 30.83773830714705, "food": 95, "foodDistance": 57623}
{"x": 120, "y": 672, "w": 50, "h": 50, "speed": 5.690633754799492, "food": 95, "foodDistance": 39003}
{"x": 55, "y": 280, "w": 50, "h": 50, "speed": 31.845041493748337, "food": 120, "foodDistance": 80081}
{"x": 561, "y": 403, "w": 50, "h": 50, "speed": 12.360387634472467, "food": 120, "foodDistance": 34815}
{"x": 598, "y": 358, "w": 50, "h": 50, "speed": 21.170814998928932, "food": 70, "foodDistance": 95560}
{"x": 907, "y": 577, "w": 50, "h": 50, "speed": 49.618854222848825, "food": 95, "foodDistance": 70016}
{"x": 132, "y": 449, "w": 50, "h": 50, "speed": 12.826826496626012, "food": 95, "foodDistance": 111064}
{"x": 319, "y": 449, "w": 50, "h": 50, "speed": 9.487419213240928, "food": 95, "foodDistance": 14474}
{"x": 494, "y": 84, "w": 50, "h": 50, "speed": 7.759121108121498, "food": 95, "foodDistance": 56577}
{"x": 558, "y": 275, "w": 50, "h": 50, "speed": 11.683999266607001, "food": 20, "foodDistance": 135418}
{"x": 375, "y": 724, "w": 50, "h": 50, "speed": 9.566932905998744, "food": 20, "foodDistance": 30709}
{"x": 687, "y": 907, "w": 50, "h": 50, "speed": 28.85463593215064, "food": 95, "foodDistance": 52581}
{"x": 60, "y": 692, "w": 50, "h": 50, "speed": 18.93548877702796, "food": 70, "foodDistance": 17565}
{"x": 73, "y": 420, "w": 50, "h": 50, "speed": 1, "food": 170, "foodDistance": 38640}
{"x": 702, "y": 595, "w": 50, "h": 50, "speed": 20.96966590814397, "food": 70, "foodDistance": 71928}
{"x": 302, "y": 839, "w": 50, "h": 50, "speed": 34.09534086815065, "food": 120, "foodDistance": 19115}
{"x": 759, "y": 886, "w": 50, "h": 50, "speed": 9.242564910709337, "food": 95, "foodDistance": 45162}
{"x": 769, "y": 812, "w": 50, "h": 50, "speed": 33.34670711028113, "food": 145, "foodDistance": 74953}
{"x": 804, "y": 411, "w": 50, "h": 50, "speed": 23.588203561076508, "food": 70, "foodDistance": 54590}
{"x": 294, "y": 418, "w": 50, "h": 50, "speed": 21.47108599175334, "food": 120, "foodDistance": 35123}
{"x": 351, "y": 782, "w": 50, "h": 50, "speed": 23.961663373597894, "food": 120, "foodDistance": 42200}
{"x": 792, "y": 720, "w": 50, "h": 50, "speed": 11.467643653783355, "food": 170, "foodDistance": 55841}
{"x": 716, "y": 214, "w": 50, "h": 50, "speed": 38.09829775987367, "food": 70, "foodDistance": 35803}
{"x": 137, "y": 318, "w": 50, "h": 50, "speed": 22.085430584401333, "food": 20, "foodDistance": 28707}
{"x": 310, "y": 75, "w": 50, "h": 50, "speed": 14.22076835175119, "food": 120, "foodDistance": 72105}
{"x": 89, "y": 638, "w": 50, "h": 50, "speed": 1.6996788813214185, "food": 20, "foodDistance": 58864}
{"x": 710, "y": 339, "w": 50, "h": 50, "speed": 44.83748585495056, "food": 145, "foodDistance": 134504}
{"x": 831, "y": 744, "w": 50, "h": 50, "speed": 6.4447709515784135, "food": 70, "foodDistance": 42060}
{"x": 391, "y": 430, "w": 50, "h": 50, "speed": 23.699566269630417, "food": 95, "foodDistance": 61836}
{"x": 375, "y": 636, "w": 50, "h": 50, "speed": 26.594768090773496, "food": 20, "foodDistance": 48944}
{"x": 233, "y": 777, "w": 50, "h": 50, "speed": 1.0239568613628787, "food": 20, "foodDistance": 58870}
{"x": 628, "y": 677, "w": 50, "h": 50, "speed": 4.59894097814177, "food": 20, "foodDistance": 124115}
{"x": 590, "y": 173, "w": 50, "h": 50, "speed": 3.0290798843334037, "food": 170, "foodDistance": 33881}
{"x": 606, "y": 669, "w": 50, "h": 50, "speed": 33.2246308097106, "food": 120, "foodDistance": 45983}
{"x": 836, "y": 554, "w": 50, "h": 50, "speed": 21.475523363426067, "food": 95, "foodDistance": 30242}
{"x": 769, "y": 658, "w": 50, "h": 50, "speed": 19.904691938809368, "food": 20, "foodDistance": 20158}
{"x": 720, "y": 199, "w": 50, "h": 50, "speed": 10.650303906484115, "food": 20, "foodDistance": 96443}
{"x": 685,