{"x": 570, "y": 844, "w": 50, "h": 50, "speed": 16, "food": 125, "foodDistance": 180}
{"x": 234, "y": 589, "w": 50, "h": 50, "speed": 16, "food": 125, "foodDistance": 180}
{"x": 568, "y": 333, "w": 50, "h": 50, "speed": 16, "food": 125, "foodDistance": 180}
{"x": 734, "y": 183, "w": 50, "h": 50, "speed": 16, "food": 125, "foodDistance": 180}
{"x": 501, "y": 331, "w": 50, "h": 50, "speed": 16, "food": 125, "foodDistance": 180}
{"x": 566, "y": 779, "w": 50, "h": 50, "speed": 16, "food": 120, "foodDistance": 180}
{"x": 777, "y": 474, "w": 50, "h": 50, "speed": 16, "food": 200, "foodDistance": 180}
{"x": 710, "y": 438, "w": 50, "h": 50, "speed": 16, "food": 125, "foodDistance": 180}
{"x": 303, "y": 560, "w": 50, "h": 50, "speed": 16, "food": 125, "foodDistance": 180}
{"x": 142, "y": 262, "w": 50, "h": 50, "speed": 16, "food": 125, "foodDistance": 180}
{"x": 685, "y": 127, "w": 50, "h": 50, "speed": 16, "food": 125, "foodDistance": 180}
{"x": 136, "y": 834, "w": 50, "h": 50, "speed": 16, "food": 200, "foodDistance": 180}
{"x": 155, "y": 336, "w": 50, "h": 50, "speed": 16, "food": 125, "foodDistance": 180}
{"x": 62, "y": 849, "w": 50, "h": 50, "speed": 16, "food": 125, "foodDistance": 180}
{"x": 643, "y": 771, "w": 50, "h": 50, "speed": 16, "food": 125, "foodDistance": 180}
{"x": 541, "y": 298, "w": 50, "h": 50, "speed": 11.957253105375539, "food": 150, "foodDistance": 243}
{"x": 183, "y": 266, "w": 50, "h": 50, "speed": 13.449703921974118, "food": 145, "foodDistance": 172}
{"x": 556, "y": 371, "w": 50, "h": 50, "speed": 13.665499630291794, "food": 120, "foodDistance": 340}
{"x": 566, "y": 763, "w": 50, "h": 50, "speed": 14.579109274215067, "food": 120, "foodDistance": 372}
{"x": 286, "y": 474, "w": 50, "h": 50, "speed": 18.21213944733249, "food": 145, "foodDistance": 176}
{"x": 493, "y": 341, "w": 50, "h": 50, "speed": 18.09326022647298, "food": 175, "foodDistance": 212}
{"x": 628, "y": 392, "w": 50, "h": 50, "speed": 15.432070111118913, "food": 150, "foodDistance": 255}
{"x": 480, "y": 622, "w": 50, "h": 50, "speed": 17.49638117894801, "food": 175, "foodDistance": 247}
{"x": 440, "y": 374, "w": 50, "h": 50, "speed": 20.520022458132274, "food": 95, "foodDistance": 242}
{"x": 167, "y": 332, "w": 50, "h": 50, "speed": 17.573015840747825, "food": 95, "foodDistance": 288}
{"x": 236, "y": 530, "w": 50, "h": 50, "speed": 14.127263460490159, "food": 95, "foodDistance": 175}
{"x": 630, "y": 740, "w": 50, "h": 50, "speed": 6.831657643286396, "food": 95, "foodDistance": 326}
{"x": 713, "y": 377, "w": 50, "h": 50, "speed": 3.968763774318214, "food": 170, "foodDistance": 241}
{"x": 406, "y": 638, "w": 50, "h": 50, "speed": 3.5127971520822063, "food": 175, "foodDistance": 311}
{"x": 643, "y": 823, "w": 50, "h": 50, "speed": 12.584500873200408, "food": 95, "foodDistance": 305}
{"x": 650, "y": 336, "w": 50, "h": 50, "speed": 1.1645344764820331, "food": 170, "foodDistance": 662}
{"x": 468, "y": 283, "w": 50, "h": 50, "speed": 13.082906959605998, "food": 145, "foodDistance": 502}
{"x": 636, "y": 735, "w": 50, "h": 50, "speed": 18.358058154178877, "food": 120, "foodDistance": 442}
{"x": 485, "y": 454, "w": 50, "h": 50, "speed": 18.88760502892858, "food": 120, "foodDistance": 234}
{"x": 234, "y": 456, "w": 50, "h": 50, "speed": 1, "food": 120, "foodDistance": 339}
{"x": 168, "y": 555, "w": 50, "h": 50, "speed": 8.545355400956888, "food": 200, "foodDistance": 291}
{"x": 195, "y": 393, "w": 50, "h": 50, "speed": 2.7817501816402626, "food": 120, "foodDistance": 433}
{"x": 138, "y": 623, "w": 50, "h": 50, "speed": 3.47543932820155, "food": 200, "foodDistance": 253}
{"x": 828, "y": 301, "w": 50, "h": 50, "speed": 14.996128826161941, "food": 200, "foodDistance": 360}
{"x": 813, "y": 227, "w": 50, "h": 50, "speed": 13.657910274535578, "food": 170, "foodDistance": 283}
{"x": 579, "y": 810, "w": 50, "h": 50, "speed": 17.43796045216396, "food": 120, "foodDistance": 197}
{"x": 476, "y": 566, "w": 50, "h": 50, "speed": 17.11334478529376, "food": 170, "foodDistance": 407}
{"x": 542, "y": 603, "w": 50, "h": 50, "speed": 4.9402515090596415, "food": 120, "foodDistance": 672}
{"x": 177, "y": 345, "w": 50, "h": 50, "speed": 2.819521733758762, "food": 70, "foodDistance": 429}
{"x": 317, "y": 639, "w": 50, "h": 50, "speed": 15.990310013384128, "food": 120, "foodDistance": 390}
{"x": 431, "y": 402, "w": 50, "h": 50, "speed": 8.657206367380203, "food": 120, "foodDistance": 729}
{"x": 389, "y": 661, "w": 50, "h": 50, "speed": 11.755168426673064, "food": 120, "foodDistance": 523}