{"x": 84, "y": 794, "w": 50, "h": 50, "speed": 1600, "food": 90, "foodDistance": 180}
{"x": 148, "y": 756, "w": 50, "h": 50, "speed": 1600, "food": 115, "foodDistance": 180}
{"x": 108, "y": 877, "w": 50, "h": 50, "speed": 1600, "food": 115, "foodDistance": 180}
{"x": 844, "y": 721, "w": 50, "h": 50, "speed": 1600, "food": 125, "foodDistance": 180}
{"x": 777, "y": 753, "w": 50, "h": 50, "speed": 1600, "food": 80, "foodDistance": 180}
{"x": 83, "y": 850, "w": 50, "h": 50, "speed": 1600, "food": 170, "foodDistance": 180}
{"x": 196, "y": 660, "w": 50, "h": 50, "speed": 1600, "food": 125, "foodDistance": 180}
{"x": 916, "y": 931, "w": 50, "h": 50, "speed": 1600, "food": 190, "foodDistance": 180}
{"x": 697, "y": 720, "w": 50, "h": 50, "speed": 1600, "food": 125, "foodDistance": 180}
{"x": 219, "y": 507, "w": 50, "h": 50, "speed": 1600, "food": 95, "foodDistance": 180}
{"x": 108, "y": 877, "w": 50, "h": 50, "speed": 1600, "food": 40, "foodDistance": 180}
{"x": 869, "y": 212, "w": 50, "h": 50, "speed": 1904.859610956639, "food": 105, "foodDistance": 387}
{"x": 108, "y": 877, "w": 50, "h": 50, "speed": 1695.242012576086, "food": 50, "foodDistance": 304}
{"x": 697, "y": 720, "w": 50, "h": 50, "speed": 507.30720773160385, "food": 25, "foodDistance": 443}
{"x": 263, "y": 654, "w": 50, "h": 50, "speed": 599.8146686134205, "food": 110, "foodDistance": 424}
{"x": 196, "y": 660, "w": 50, "h": 50, "speed": 1554.3538164169986, "food": 10, "foodDistance": 429}
{"x": 287, "y": 725, "w": 50, "h": 50, "speed": 1521.435122701869, "food": 85, "foodDistance": 416}
{"x": 890, "y": 624, "w": 50, "h": 50, "speed": 1569.3440387622547, "food": 85, "foodDistance": 222}
{"x": 566, "y": 822, "w": 50, "h": 50, "speed": 380.79184532556076, "food": 145, "foodDistance": 587}
{"x": 566, "y": 747, "w": 50, "h": 50, "speed": 717.3623965486879, "food": 145, "foodDistance": 446}
{"x": 571, "y": 800, "w": 50, "h": 50, "speed": 63.24044605724366, "food": 120, "foodDistance": 420}
{"x": 182, "y": 571, "w": 50, "h": 50, "speed": 1135.9746678862837, "food": 95, "foodDistance": 665}
{"x": 194, "y": 849, "w": 50, "h": 50, "speed": 1972.0364393451107, "food": 115, "foodDistance": 372}
{"x": 54, "y": 724, "w": 50, "h": 50, "speed": 37.527658722929445, "food": 135, "foodDistance": 198}
{"x": 118, "y": 547, "w": 50, "h": 50, "speed": 1588.2905023360543, "food": 120, "foodDistance": 208}
{"x": 106, "y": 472, "w": 50, "h": 50, "speed": 504.1283864472653, "food": 140, "foodDistance": 304}
{"x": 237, "y": 479, "w": 50, "h": 50, "speed": 116.58829191945853, "food": 70, "foodDistance": 404}
{"x": 194, "y": 849, "w": 50, "h": 50, "speed": 1312.0093840194493, "food": 20, "foodDistance": 381}
{"x": 237, "y": 479, "w": 50, "h": 50, "speed": 295.95027663273174, "food": 20, "foodDistance": 387}
{"x": 553, "y": 795, "w": 50, "h": 50, "speed": 70.59912395350477, "food": 20, "foodDistance": 906}